"X1","X2","inclusion.probabilities","ID"
0.855,0.415,0.00177945424024164,"4186"
0.485,0.525,0.00118988721025535,"5249"
0.985,0.855,0.00189030222347444,"8599"
0.525,0.635,0.00126431624973752,"6353"
0.775,0.015,0.00159756138641571,"178"
0.655,0.685,0.00146215556059117,"6866"
0.905,0.465,0.00184367541949694,"4691"
0.085,0.795,0.000251046848270725,"7909"
0.585,0.235,0.00109913604782912,"2359"
0.715,0.385,0.00158105404363773,"3872"
