"transect","X1","X2","direction","transect_inclusionProb"
1,0.935,0.365,40,0.000405839917492838
2,0.165,0.255,120,4.50571882335009e-05
3,0.595,0.735,280,0.00013607971042504
4,0.475,0.625,80,0.000110844351581451
5,0.765,0.225,240,0.000165568415499584
6,0.705,0.445,160,0.000154332350773659
7,0.305,0.045,240,0.000468684306254542
8,0.795,0.375,0,0.000170472659012464
9,0.925,0.815,160,0.000209497921425769
10,0.515,0.295,320,0.000124762100199073
